PrimedSherlock Results,
Best RPA Primer Set,CTGGAAACAGTCCCCGGCTCGATGTGGC_TCTTCACGTATACGTACCACGCTCCAGC,
Amplicon Size,177.0,
Total Matches within 4 bases,554,
Best crRNA,TTTCTCCCTGGTGGAGGATGACGG,TTTGCAGCTGGAGCGTGGTACGTA,
Input strains not covered,
,,,KY962729.1,

Second Best RPA Primer Set,TCAATATGTCTGCAAAAGAACGTTAGTG_TGACAGCATTATCCGGTACTCCAGATTC,
Amplicon Size,177.0,
Total Matches within 4 bases,553,
Second Best crRNA,TTTGCATGCTCCAAGAAAATGACC,TTTGGCAAAGGGAGCCTGGTGACA,
Input strains not covered,
,,,KY014296.2,KY014320.2,