PrimedSherlock Results,
Best RPA Primer Set,ACCTTAGCGACCGGGCCCATCTCCACAC_GTTTGTTGTGTTCTTCATGATGGAAAAG,
Amplicon Size,153.0,
Total Matches within 4 bases,758,
Best crRNA,TTTAGGGGGAGCTACTTGGCCGGA,TTTCCATCATGAAGAACACAACAA,
Input strains not covered,
,,,FJ882593.1,FJ898454.1,GQ252676.1,GQ252677.1,GQ868552.1,HQ541787.1,KJ010185.1,KJ010186.1,KJ701507.1,KU666945.1,KY672950.1,KY672951.1,KY672952.1,KY672953.1,KY672954.1,MK578531.1,

Second Best RPA Primer Set,TCTCACTTGGAATGCTGCAAGGACGAGG_AACATAATAATCACGCCTGCTGTCCTGC,
Amplicon Size,153.0,
Total Matches within 4 bases,754,
Second Best crRNA,TTTCCTAACAATCCCACCAACAGC,TTTGAGAGGGTTCAGGAAAGAGAT,
Input strains not covered,
,,,EU482604.1,EU482606.1,EU482640.1,EU482731.1,EU482744.1,EU920833.1,GQ398262.1,GQ868592.1,HM488257.1,JF327392.1,JQ922551.1,KF955400.1,KR779786.2,KU666944.1,KU666945.1,KU666946.1,KU666947.1,KU666948.1,
,,MK578532.1,
,
Mismatch Analysis of Top Primer Candidates,
Primer Set 1,
Total Seqs with less then 3 Mismatches,10,
FJ898449.1,GQ868588.1,GQ868589.1,GQ868590.1,GQ868592.1,GQ868599.1,GQ868600.1,JQ922550.1,JQ922552.1,JQ922553.1,
Total Seqs with less then 6 Mismatches,9,
FJ898449.1,GQ868588.1,GQ868589.1,GQ868590.1,GQ868592.1,GQ868599.1,GQ868600.1,JQ922552.1,JQ922553.1,
Primer Set 2,
Total Seqs with less then 3 Mismatches,9,
EU482640.1,EU482672.1,JQ922549.1,JQ922551.1,KF955371.1,KF955399.1,KF955400.1,KU666945.1,KU666948.1,
Total Seqs with less then 6 Mismatches,5,
KF955371.1,KF955399.1,KF955400.1,KU666945.1,KU666948.1,

,
Mismatch Analysis of Top Primer Candidates,
Primer Set 1,
Total Seqs with less then 3 Mismatches,10,
FJ898449.1,GQ868588.1,GQ868589.1,GQ868590.1,GQ868592.1,GQ868599.1,GQ868600.1,JQ922550.1,JQ922552.1,JQ922553.1,
Total Seqs with less then 6 Mismatches,9,
FJ898449.1,GQ868588.1,GQ868589.1,GQ868590.1,GQ868592.1,GQ868599.1,GQ868600.1,JQ922552.1,JQ922553.1,
Primer Set 2,
Total Seqs with less then 3 Mismatches,9,
EU482640.1,EU482672.1,JQ922549.1,JQ922551.1,KF955371.1,KF955399.1,KF955400.1,KU666945.1,KU666948.1,
Total Seqs with less then 6 Mismatches,5,
KF955371.1,KF955399.1,KF955400.1,KU666945.1,KU666948.1,

,
Mismatch Analysis of Top Primer Candidates,
Primer Set 1,
Total Seqs with less then 3 Mismatches,10,
FJ898449.1,GQ868588.1,GQ868589.1,GQ868590.1,GQ868592.1,GQ868599.1,GQ868600.1,JQ922550.1,JQ922552.1,JQ922553.1,
Total Seqs with less then 6 Mismatches,9,
FJ898449.1,GQ868588.1,GQ868589.1,GQ868590.1,GQ868592.1,GQ868599.1,GQ868600.1,JQ922552.1,JQ922553.1,
Primer Set 2,
Total Seqs with less then 3 Mismatches,9,
EU482640.1,EU482672.1,JQ922549.1,JQ922551.1,KF955371.1,KF955399.1,KF955400.1,KU666945.1,KU666948.1,
Total Seqs with less then 6 Mismatches,5,
KF955371.1,KF955399.1,KF955400.1,KU666945.1,KU666948.1,
